dbo;ACQUCUSTOMERS;ID;int;NO;NULL
dbo;ACQUCUSTOMERS;NAME;varchar;NO;255
dbo;ACQUCUSTOMERS;PRIORITET;int;YES;NULL
dbo;ACQUGOT;ID;int;NO;NULL
dbo;ACQUGOT;ACQUORD_ID;int;YES;NULL
dbo;ACQUGOT;CNT;int;YES;NULL
dbo;ACQUGOT;GOTDATE;float;YES;NULL
dbo;ACQUGOT;T990t;varchar;YES;255
dbo;ACQUORD;ID;int;NO;NULL
dbo;ACQUORD;DOC_ID;int;YES;NULL
dbo;ACQUORD;ACQUSRC_ID;int;YES;NULL
dbo;ACQUORD;PUBLISHER_ID;int;YES;NULL
dbo;ACQUORD;CNT;int;YES;NULL
dbo;ACQUORD;PRICE;int;YES;NULL
dbo;ACQUORD;ORDDATE;float;YES;NULL
dbo;ACQUORD;GETDATE;float;YES;NULL
dbo;ACQUORD;ACQUCUSTOMERS_ID;int;YES;NULL
dbo;ACQUORD;ACQUTENDER_ID;int;YES;NULL
dbo;ACQUSRC;ID;int;NO;NULL
dbo;ACQUSRC;NAME;varchar;NO;255
dbo;ACQUTENDER;ID;int;NO;NULL
dbo;ACQUTENDER;NAME;varchar;NO;255
dbo;AGE;ID;int;NO;NULL
dbo;AGE;NAME;varchar;YES;255
dbo;AGE;AGE_MIN;int;YES;NULL
dbo;AGE;AGE_MAX;int;YES;NULL
dbo;BOOKPOINTS;IDP;int;NO;NULL
dbo;BOOKPOINTS;SHORTNAME;varchar;YES;255
dbo;BOOKPOINTS;STATUS;int;YES;NULL
dbo;BOOKSTATES;IDBS;int;NO;NULL
dbo;BOOKSTATES;RDR_ID;varchar;YES;128
dbo;BOOKSTATES;INV_ID;int;YES;NULL
dbo;BOOKSTATES;DOC_ID;int;YES;NULL
dbo;BOOKSTATES;STATE;int;YES;NULL
dbo;BOOKSTATES;IDP;int;NO;NULL
dbo;BOOKSTATES;CHSDATE;float;YES;NULL
dbo;BOOKSTATES;RETDATE;float;YES;NULL
dbo;BOOKSTATES;FLAGS;varchar;YES;32
dbo;BOOKSTATES;IDS;int;YES;NULL
dbo;CYRHAVKINA;CODE;varchar;YES;40
dbo;CYRHAVKINA;A;varchar;YES;40
dbo;CYRHAVKINA;B;varchar;YES;40
dbo;CYRHAVKINA;V;varchar;YES;40
dbo;CYRHAVKINA;G;varchar;YES;40
dbo;CYRHAVKINA;D;varchar;YES;40
dbo;CYRHAVKINA;E;varchar;YES;40
dbo;CYRHAVKINA;ZH;varchar;YES;40
dbo;CYRHAVKINA;Z;varchar;YES;40
dbo;CYRHAVKINA;I;varchar;YES;40
dbo;CYRHAVKINA;K;varchar;YES;40
dbo;CYRHAVKINA;L;varchar;YES;40
dbo;CYRHAVKINA;M;varchar;YES;40
dbo;CYRHAVKINA;N;varchar;YES;40
dbo;CYRHAVKINA;O;varchar;YES;40
dbo;CYRHAVKINA;P;varchar;YES;40
dbo;CYRHAVKINA;R;varchar;YES;40
dbo;CYRHAVKINA;S;varchar;YES;40
dbo;CYRHAVKINA;T;varchar;YES;40
dbo;CYRHAVKINA;U;varchar;YES;40
dbo;CYRHAVKINA;F;varchar;YES;40
dbo;CYRHAVKINA;KH;varchar;YES;40
dbo;CYRHAVKINA;TS;varchar;YES;40
dbo;CYRHAVKINA;CH;varchar;YES;40
dbo;CYRHAVKINA;SH;varchar;YES;40
dbo;CYRHAVKINA;SHCH;varchar;YES;40
dbo;CYRHAVKINA;IE;varchar;YES;40
dbo;CYRHAVKINA;IU;varchar;YES;40
dbo;CYRHAVKINA;IA;varchar;YES;40
dbo;DBRES;NAME;varchar;NO;16
dbo;DBRES;IRES;int;YES;NULL
dbo;DBRES;TRES;varchar;YES;255
dbo;DISCP;DISCP_ID;int;NO;NULL
dbo;DISCP;CHAIR_ID;int;YES;NULL
dbo;DISCP;CYPHER;int;YES;NULL
dbo;DISCP;NAME;varchar;YES;250
dbo;DISCP;SPCPH_ID;int;YES;NULL
dbo;DISCP;DRCT_ID;int;YES;NULL
dbo;DISCP;CYCL_ID;int;YES;NULL
dbo;DISCP;CUSTOM1;varchar;YES;255
dbo;DISCP;CUSTOM2;varchar;YES;255
dbo;DISCP;CUSTOM3;varchar;YES;255
dbo;DISCP;NUMCST1;int;YES;NULL
dbo;DISCP;NUMCST2;int;YES;NULL
dbo;DISCP;NUMCST3;int;YES;NULL
dbo;DISCP;DATEENTRY;float;YES;NULL
dbo;DISCPX;DISCP_ID;int;YES;NULL
dbo;DISCPX;DOC_ID;int;NO;NULL
dbo;DISCPX;SIGN;int;YES;NULL
dbo;DOC;DOC_ID;int;NO;NULL
dbo;DOC;RECTYPE;char;YES;1
dbo;DOC;BIBLEVEL;char;YES;1
dbo;DOC;ITEM;ntext;YES;1073741823
dbo;DOC_EDIT;ID;int;NO;NULL
dbo;DOC_EDIT;DATESTAT;float;YES;NULL
dbo;DOC_EDIT;DOC_ID;int;NO;NULL
dbo;DOC_EDIT;RECTYPE;char;YES;1
dbo;DOC_EDIT;BIBLEVEL;char;YES;1
dbo;DOC_EDIT;ITEM;text;YES;2147483647
dbo;DOC_EMBEDDINGS;DOC_ID;int;NO;NULL
dbo;DOC_EMBEDDINGS;embedding;nvarchar;NO;-1
dbo;DOC_EMBEDDINGS;content_hash;char;NO;64
dbo;DOC_EMBEDDINGS;embedded_at;datetime2;NO;NULL
dbo;DOC_VIEW;DOC_ID;int;NO;NULL
dbo;DOC_VIEW;RECTYPE;char;YES;1
dbo;DOC_VIEW;BIBLEVEL;char;YES;1
dbo;DOC_VIEW;ITEM_STR;nvarchar;YES;-1
dbo;DOC_VIEW;record_marker;nvarchar;YES;-1
dbo;DOC_VIEW;control_number;nvarchar;YES;-1
dbo;DOC_VIEW;country_code;nvarchar;YES;-1
dbo;DOC_VIEW;isbn;nvarchar;YES;-1
dbo;DOC_VIEW;database_section;nvarchar;YES;-1
dbo;DOC_VIEW;text_language_code;nvarchar;YES;-1
dbo;DOC_VIEW;udc_index;nvarchar;YES;-1
dbo;DOC_VIEW;shelf_index;nvarchar;YES;-1
dbo;DOC_VIEW;catalogue_index;nvarchar;YES;-1
dbo;DOC_VIEW;storage_sigla;nvarchar;YES;-1
dbo;DOC_VIEW;authors_sign;nvarchar;YES;-1
dbo;DOC_VIEW;operator;nvarchar;YES;-1
dbo;DOC_VIEW;author;nvarchar;YES;-1
dbo;DOC_VIEW;title;nvarchar;YES;-1
dbo;DOC_VIEW;title_continuation;nvarchar;YES;-1
dbo;DOC_VIEW;physical_media;nvarchar;YES;-1
dbo;DOC_VIEW;type_content_access;nvarchar;YES;-1
dbo;DOC_VIEW;publication_place;nvarchar;YES;-1
dbo;DOC_VIEW;publisher;nvarchar;YES;-1
dbo;DOC_VIEW;year_digits;nvarchar;YES;-1
dbo;DOC_VIEW;year;int;YES;NULL
dbo;DOC_VIEW;volume;int;YES;NULL
dbo;DOC_VIEW;batch;nvarchar;YES;-1
dbo;DOC_VIEW;quantity;int;YES;NULL
dbo;DOC_VIEW;keywords;nvarchar;YES;-1
dbo;DOC_VIEW;other_authors;nvarchar;YES;-1
dbo;DOC_VIEW;cover_link;nvarchar;YES;-1
dbo;DOC_VIEW;document_type;nvarchar;YES;-1
dbo;DOC_VIEW;literature_type_ksu_vsh;nvarchar;YES;-1
dbo;DOC_VIEW;faculty;nvarchar;YES;-1
dbo;DOC_VIEW;department;nvarchar;YES;-1
dbo;DOC_VIEW;subject;nvarchar;YES;-1
dbo;DOC_VIEW;specialization;nvarchar;YES;-1
dbo;DOC_VIEW;record_creation_year;nvarchar;YES;-1
dbo;DOC_VIEW;record_creation_month;nvarchar;YES;-1
dbo;DOC_VIEW;record_creation_date;nvarchar;YES;-1
dbo;DOC_VIEW;received_from;nvarchar;YES;-1
dbo;DOCIDXX;DOC_ID;int;YES;NULL
dbo;DOCIDXX;IDMOIDX;int;NO;NULL
dbo;DOCIDXX;POS;int;YES;NULL
dbo;DOCIDXX;NUM;int;YES;NULL
dbo;DOCIDXX;ENDED;varchar;YES;10
dbo;DOCIDXX;TAGS;varchar;YES;4
dbo;DOCPHASE;DOC_ID;int;YES;NULL
dbo;DOCPHASE;PHASE;int;YES;NULL
dbo;DOCXSUPPORT;DOC_ID;int;YES;NULL
dbo;DOCXSUPPORT;IDCMD;int;YES;NULL
dbo;DOCXSUPPORT;INUSE;int;YES;NULL
dbo;EXTDICTS;CAPTION;varchar;NO;255
dbo;EXTDICTS;QUERY;text;YES;2147483647
dbo;EXTDICTS;COLWIDTHS;text;YES;2147483647
dbo;EXTDICTS;COLNAMES;text;YES;2147483647
dbo;EXTDICTS;RETVAL;text;YES;2147483647
dbo;IDX0010;IDX_ID;int;NO;NULL
dbo;IDX0010;TERM;nvarchar;NO;255
dbo;IDX0010;CNT;int;YES;NULL
dbo;IDX0010X;IDX_ID;int;YES;NULL
dbo;IDX0010X;DOC_ID;int;NO;NULL
dbo;IDX0050;IDX_ID;int;NO;NULL
dbo;IDX0050;TERM;nvarchar;NO;255
dbo;IDX0050;CNT;int;YES;NULL
dbo;IDX0050X;IDX_ID;int;YES;NULL
dbo;IDX0050X;DOC_ID;int;NO;NULL
dbo;IDX020a;IDX_ID;int;NO;NULL
dbo;IDX020a;TERM;nvarchar;NO;255
dbo;IDX020a;CNT;int;YES;NULL
dbo;IDX020aX;IDX_ID;int;YES;NULL
dbo;IDX020aX;DOC_ID;int;NO;NULL
dbo;IDX022a;IDX_ID;int;NO;NULL
dbo;IDX022a;TERM;nvarchar;NO;255
dbo;IDX022a;CNT;int;YES;NULL
dbo;IDX022aX;IDX_ID;int;YES;NULL
dbo;IDX022aX;DOC_ID;int;NO;NULL
dbo;IDX040d;IDX_ID;int;NO;NULL
dbo;IDX040d;TERM;nvarchar;NO;255
dbo;IDX040d;CNT;int;YES;NULL
dbo;IDX040dX;IDX_ID;int;YES;NULL
dbo;IDX040dX;DOC_ID;int;NO;NULL
dbo;IDX041a;IDX_ID;int;NO;NULL
dbo;IDX041a;TERM;nvarchar;NO;255
dbo;IDX041a;CNT;int;YES;NULL
dbo;IDX041aX;IDX_ID;int;YES;NULL
dbo;IDX041aX;DOC_ID;int;NO;NULL
dbo;IDX080a;IDX_ID;int;NO;NULL
dbo;IDX080a;TERM;nvarchar;NO;255
dbo;IDX080a;CNT;int;YES;NULL
dbo;IDX080aX;IDX_ID;int;YES;NULL
dbo;IDX080aX;DOC_ID;int;NO;NULL
dbo;IDX090a;IDX_ID;int;NO;NULL
dbo;IDX090a;TERM;nvarchar;NO;255
dbo;IDX090a;CNT;int;YES;NULL
dbo;IDX090aX;IDX_ID;int;YES;NULL
dbo;IDX090aX;DOC_ID;int;NO;NULL
dbo;IDX097b;IDX_ID;int;NO;NULL
dbo;IDX097b;TERM;nvarchar;NO;255
dbo;IDX097b;CNT;int;YES;NULL
dbo;IDX097bX;IDX_ID;int;YES;NULL
dbo;IDX097bX;DOC_ID;int;NO;NULL
dbo;IDX100a;IDX_ID;int;NO;NULL
dbo;IDX100a;TERM;nvarchar;NO;255
dbo;IDX100a;CNT;int;YES;NULL
dbo;IDX100a1;IDX_ID;int;NO;NULL
dbo;IDX100a1;TERM;nvarchar;NO;255
dbo;IDX100a1;CNT;int;YES;NULL
dbo;IDX100a1X;IDX_ID;int;YES;NULL
dbo;IDX100a1X;DOC_ID;int;NO;NULL
dbo;IDX100aX;IDX_ID;int;YES;NULL
dbo;IDX100aX;DOC_ID;int;NO;NULL
dbo;IDX245a;IDX_ID;int;NO;NULL
dbo;IDX245a;TERM;nvarchar;NO;255
dbo;IDX245a;CNT;int;YES;NULL
dbo;IDX245aX;IDX_ID;int;YES;NULL
dbo;IDX245aX;DOC_ID;int;NO;NULL
dbo;IDX245b;IDX_ID;int;NO;NULL
dbo;IDX245b;TERM;nvarchar;NO;255
dbo;IDX245b;CNT;int;YES;NULL
dbo;IDX245bX;IDX_ID;int;YES;NULL
dbo;IDX245bX;DOC_ID;int;NO;NULL
dbo;IDX245z;IDX_ID;int;NO;NULL
dbo;IDX245z;TERM;nvarchar;NO;255
dbo;IDX245z;CNT;int;YES;NULL
dbo;IDX245zX;IDX_ID;int;YES;NULL
dbo;IDX245zX;DOC_ID;int;NO;NULL
dbo;IDX260a;IDX_ID;int;NO;NULL
dbo;IDX260a;TERM;nvarchar;NO;255
dbo;IDX260a;CNT;int;YES;NULL
dbo;IDX260aX;IDX_ID;int;YES;NULL
dbo;IDX260aX;DOC_ID;int;NO;NULL
dbo;IDX260b;IDX_ID;int;NO;NULL
dbo;IDX260b;TERM;nvarchar;NO;255
dbo;IDX260b;CNT;int;YES;NULL
dbo;IDX260bX;IDX_ID;int;YES;NULL
dbo;IDX260bX;DOC_ID;int;NO;NULL
dbo;IDX260c;IDX_ID;int;NO;NULL
dbo;IDX260c;TERM;nvarchar;NO;255
dbo;IDX260c;CNT;int;YES;NULL
dbo;IDX260cX;IDX_ID;int;YES;NULL
dbo;IDX260cX;DOC_ID;int;NO;NULL
dbo;IDX440a;IDX_ID;int;NO;NULL
dbo;IDX440a;TERM;nvarchar;NO;255
dbo;IDX440a;CNT;int;YES;NULL
dbo;IDX440aX;IDX_ID;int;YES;NULL
dbo;IDX440aX;DOC_ID;int;NO;NULL
dbo;IDX650a;IDX_ID;int;NO;NULL
dbo;IDX650a;TERM;nvarchar;NO;255
dbo;IDX650a;CNT;int;YES;NULL
dbo;IDX650aX;IDX_ID;int;YES;NULL
dbo;IDX650aX;DOC_ID;int;NO;NULL
dbo;IDX653a;IDX_ID;int;NO;NULL
dbo;IDX653a;TERM;nvarchar;NO;255
dbo;IDX653a;CNT;int;YES;NULL
dbo;IDX653aX;IDX_ID;int;YES;NULL
dbo;IDX653aX;DOC_ID;int;NO;NULL
dbo;IDX773w;IDX_ID;int;NO;NULL
dbo;IDX773w;TERM;nvarchar;NO;255
dbo;IDX773w;CNT;int;YES;NULL
dbo;IDX773wX;IDX_ID;int;YES;NULL
dbo;IDX773wX;DOC_ID;int;NO;NULL
dbo;IDX901t;IDX_ID;int;NO;NULL
dbo;IDX901t;TERM;nvarchar;NO;255
dbo;IDX901t;CNT;int;YES;NULL
dbo;IDX901tX;IDX_ID;int;YES;NULL
dbo;IDX901tX;DOC_ID;int;NO;NULL
dbo;IDX952a;IDX_ID;int;NO;NULL
dbo;IDX952a;TERM;nvarchar;NO;255
dbo;IDX952a;CNT;int;YES;NULL
dbo;IDX952aX;IDX_ID;int;YES;NULL
dbo;IDX952aX;DOC_ID;int;NO;NULL
dbo;IDX952d;IDX_ID;int;NO;NULL
dbo;IDX952d;TERM;nvarchar;NO;255
dbo;IDX952d;CNT;int;YES;NULL
dbo;IDX952dX;IDX_ID;int;YES;NULL
dbo;IDX952dX;DOC_ID;int;NO;NULL
dbo;IDX952e;IDX_ID;int;NO;NULL
dbo;IDX952e;TERM;nvarchar;NO;255
dbo;IDX952e;CNT;int;YES;NULL
dbo;IDX952eX;IDX_ID;int;YES;NULL
dbo;IDX952eX;DOC_ID;int;NO;NULL
dbo;IDX952i;IDX_ID;int;NO;NULL
dbo;IDX952i;TERM;nvarchar;NO;255
dbo;IDX952i;CNT;int;YES;NULL
dbo;IDX952iX;IDX_ID;int;YES;NULL
dbo;IDX952iX;DOC_ID;int;NO;NULL
dbo;IDX952j;IDX_ID;int;NO;NULL
dbo;IDX952j;TERM;nvarchar;NO;255
dbo;IDX952j;CNT;int;YES;NULL
dbo;IDX952jX;IDX_ID;int;YES;NULL
dbo;IDX952jX;DOC_ID;int;NO;NULL
dbo;IDX990b;IDX_ID;int;NO;NULL
dbo;IDX990b;TERM;nvarchar;NO;255
dbo;IDX990b;CNT;int;YES;NULL
dbo;IDX990bX;IDX_ID;int;YES;NULL
dbo;IDX990bX;DOC_ID;int;NO;NULL
dbo;IDX990c;IDX_ID;int;NO;NULL
dbo;IDX990c;TERM;nvarchar;NO;255
dbo;IDX990c;CNT;int;YES;NULL
dbo;IDX990cX;IDX_ID;int;YES;NULL
dbo;IDX990cX;DOC_ID;int;NO;NULL
dbo;IDX990w;IDX_ID;int;NO;NULL
dbo;IDX990w;TERM;nvarchar;NO;255
dbo;IDX990w;CNT;int;YES;NULL
dbo;IDX990wX;IDX_ID;int;YES;NULL
dbo;IDX990wX;DOC_ID;int;NO;NULL
dbo;IDX998a;IDX_ID;int;NO;NULL
dbo;IDX998a;TERM;nvarchar;NO;255
dbo;IDX998a;CNT;int;YES;NULL
dbo;IDX998aX;IDX_ID;int;YES;NULL
dbo;IDX998aX;DOC_ID;int;NO;NULL
dbo;INV;INV_ID;int;NO;NULL
dbo;INV;DOC_ID;int;NO;NULL
dbo;INV;T990t;varchar;YES;255
dbo;INV;T090h;varchar;YES;255
dbo;INV;T090e;varchar;YES;255
dbo;INV;T090f;varchar;YES;255
dbo;INV;T090w;varchar;YES;255
dbo;INV;T876c;varchar;YES;255
dbo;INV;T876p;varchar;YES;255
dbo;INV;T020d;varchar;YES;255
dbo;INV;T020e;varchar;YES;255
dbo;INV;T990n;varchar;YES;255
dbo;INV;CNT;int;YES;NULL
dbo;INV;REGDATE;float;YES;NULL
dbo;INV;INVMODE;varchar;YES;1
dbo;INV;CUSTOM1;varchar;YES;255
dbo;INV;CUSTOM2;varchar;YES;255
dbo;INV;CUSTOM3;varchar;YES;255
dbo;INV;CUSTOM4;varchar;YES;255
dbo;INV;CUSTOM5;varchar;YES;255
dbo;INV;INT1;int;YES;NULL
dbo;INV;DATE1;float;YES;NULL
dbo;INV;SOURCE;varchar;YES;255
dbo;INV;SIGLA_ID;int;NO;NULL
dbo;INV;OFFDATE;float;YES;NULL
dbo;INV;NOTES;varchar;YES;255
dbo;INV;WROFFACT;varchar;YES;255
dbo;INV;STATE;int;YES;NULL
dbo;INV;TRACKINDEX;varchar;YES;255
dbo;INV;OLD_INV_ID;int;YES;NULL
dbo;INV;INVP;nvarchar;YES;50
dbo;ko_books;id;int;NO;NULL
dbo;ko_books;ko_disc_id;int;YES;NULL
dbo;ko_books;doc_id;int;YES;NULL
dbo;ko_books;doc_grp;int;YES;NULL
dbo;ko_books;ext_lit;tinyint;YES;NULL
dbo;ko_dict_protos;id;int;NO;NULL
dbo;ko_dict_protos;name;varchar;YES;512
dbo;ko_dict_protos;text;ntext;YES;1073741823
dbo;ko_dict_protos;alias;varchar;YES;512
dbo;ko_dicts;id;int;NO;NULL
dbo;ko_dicts;ko_dict_proto_id;int;YES;NULL
dbo;ko_dicts;int_id;int;YES;NULL
dbo;ko_dicts;value;varchar;YES;512
dbo;ko_disc_protos;id;int;NO;NULL
dbo;ko_disc_protos;name;varchar;YES;512
dbo;ko_disc_protos;var_type;varchar;YES;512
dbo;ko_disc_protos;var_type_data;varchar;YES;512
dbo;ko_discs;id;int;NO;NULL
dbo;ko_discs;name;varchar;YES;512
dbo;ko_discs;name_ext;varchar;YES;512
dbo;ko_discs;text;ntext;YES;1073741823
dbo;ko_discs;cycle_id;int;YES;NULL
dbo;ko_discs;kod;varchar;YES;512
dbo;ko_discs;ko_t2_var_id;int;YES;NULL
dbo;ko_ext_protos;id;int;NO;NULL
dbo;ko_ext_protos;m_type;int;YES;NULL
dbo;ko_ext_protos;name;varchar;YES;512
dbo;ko_ext_protos;var_type;varchar;YES;512
dbo;ko_ext_protos;var_type_data;varchar;YES;512
dbo;ko_model_nodes;id;int;NO;NULL
dbo;ko_model_nodes;parent_id;int;YES;NULL
dbo;ko_model_nodes;m_type;int;YES;NULL
dbo;ko_model_nodes;name;varchar;YES;512
dbo;ko_plans;id;int;NO;NULL
dbo;ko_plans;ko_t3_var_id;int;YES;NULL
dbo;ko_plans;ko_disc_id;int;YES;NULL
dbo;ko_plans;time_n;int;YES;NULL
dbo;ko_pnp;ko_struct_node_id;int;NO;NULL
dbo;ko_pnp;ko_disc_id;int;NO;NULL
dbo;ko_pnp;ko_t4_var_id;int;NO;NULL
dbo;ko_pnp;time_n;int;NO;NULL
dbo;ko_settings;id;int;NO;NULL
dbo;ko_settings;show_ko_norma;tinyint;YES;NULL
dbo;ko_settings;ko_norma;float;YES;NULL
dbo;ko_settings;show_ext_lit;tinyint;YES;NULL
dbo;ko_settings;show_digital_lit;tinyint;YES;NULL
dbo;ko_settings;show_ext_discp;tinyint;YES;NULL
dbo;ko_settings;pnp_t_sem;int;YES;NULL
dbo;ko_settings;pnp_p_sem;int;YES;NULL
dbo;ko_settings;pnp_d_num;int;YES;NULL
dbo;ko_settings;pnp_d_start;int;YES;NULL
dbo;ko_settings;pnp_m_start;int;YES;NULL
dbo;ko_struct_nodes;id;int;NO;NULL
dbo;ko_struct_nodes;parent_id;int;YES;NULL
dbo;ko_struct_nodes;ko_model_node_id;int;YES;NULL
dbo;ko_struct_nodes;ko_var_id;int;YES;NULL
dbo;ko_struct_nodes;sort;int;YES;NULL
dbo;ko_t1_vars;id;int;NO;NULL
dbo;ko_t1_vars;name;varchar;YES;512
dbo;ko_t1_vars;kod;varchar;YES;512
dbo;ko_t1_vars;text;ntext;YES;1073741823
dbo;ko_t1_vars;head;varchar;YES;512
dbo;ko_t1_vars;by_weeks;tinyint;YES;NULL
dbo;ko_t1_vars;by_weeks_from;int;YES;NULL
dbo;ko_t2_vars;id;int;NO;NULL
dbo;ko_t2_vars;name;varchar;YES;512
dbo;ko_t2_vars;kod;varchar;YES;512
dbo;ko_t2_vars;text;ntext;YES;1073741823
dbo;ko_t2_vars;ko_user_id;int;YES;NULL
dbo;ko_t2_vars;by_weeks;tinyint;YES;NULL
dbo;ko_t2_vars;by_weeks_from;int;YES;NULL
dbo;ko_t3_vars;id;int;NO;NULL
dbo;ko_t3_vars;name;varchar;YES;512
dbo;ko_t3_vars;kod;varchar;YES;512
dbo;ko_t3_vars;okso;varchar;YES;512
dbo;ko_t3_vars;vpo_stage;int;YES;NULL
dbo;ko_t3_vars;text;ntext;YES;1073741823
dbo;ko_t4_vars;id;int;NO;NULL
dbo;ko_t4_vars;name;varchar;YES;512
dbo;ko_t4_vars;semestr;int;YES;NULL
dbo;ko_t4_vars;edu_form;int;YES;NULL
dbo;ko_t4_vars;students;int;YES;NULL
dbo;ko_t4_vars;text;ntext;YES;1073741823
dbo;ko_t4_vars;pnp_sort;int;YES;NULL
dbo;ko_users;id;int;NO;NULL
dbo;ko_users;username;varchar;YES;512
dbo;ko_users;password;varchar;YES;512
dbo;ko_users;role;int;YES;NULL
dbo;ko_users;fio;varchar;YES;512
dbo;ko_users_discs;ko_user_id;int;NO;NULL
dbo;ko_users_discs;ko_disc_id;int;NO;NULL
dbo;ko_users_t2_vars;ko_user_id;int;NO;NULL
dbo;ko_users_t2_vars;ko_t2_var_id;int;NO;NULL
dbo;KSU_0;ID;int;NO;NULL
dbo;KSU_0;T1;int;YES;NULL
dbo;KSU_0;T2;varchar;YES;255
dbo;KSU_0;T3;varchar;YES;255
dbo;KSU_0;T4;varchar;YES;255
dbo;KSU_0;T5;varchar;YES;255
dbo;KSU_0;T6;nvarchar;YES;255
dbo;KSU_0;T7;varchar;YES;255
dbo;KSU_05;ID;int;NO;NULL
dbo;KSU_05;T1;int;YES;NULL
dbo;KSU_05;T2;varchar;YES;255
dbo;KSU_05;T3;varchar;YES;255
dbo;KSU_05;T4;varchar;YES;255
dbo;KSU_05;T5;varchar;YES;255
dbo;KSU_05;T6;varchar;YES;255
dbo;KSU_05;T7;varchar;YES;255
dbo;ksu1;ksu_id;varchar;YES;255
dbo;ksu1;date_ksu;varchar;YES;255
dbo;ksu1;sourse;nvarchar;YES;255
dbo;ksu1;nazv;int;YES;NULL
dbo;ksu1;ekz;int;YES;NULL
dbo;ksu1;total;varchar;YES;255
dbo;ksu1;m7;int;YES;NULL
dbo;ksu1;m8;int;YES;NULL
dbo;ksu1;m9;int;YES;NULL
dbo;ksu1;m10;int;YES;NULL
dbo;ksu1;m11;int;YES;NULL
dbo;ksu1;m12;int;YES;NULL
dbo;ksu1;m13;int;YES;NULL
dbo;ksu1;m14;int;YES;NULL
dbo;ksu1;m15;int;YES;NULL
dbo;ksu1;m16;int;YES;NULL
dbo;ksu1;m17;int;YES;NULL
dbo;ksu1;m18;int;YES;NULL
dbo;ksu1;m19;int;YES;NULL
dbo;ksu1;m20;int;YES;NULL
dbo;ksu1;m21;int;YES;NULL
dbo;ksu1;m22;int;YES;NULL
dbo;ksu1;m23;int;YES;NULL
dbo;ksu1;m24;int;YES;NULL
dbo;ksu1;m25;int;YES;NULL
dbo;ksu1;m26;int;YES;NULL
dbo;ksu1;m27;int;YES;NULL
dbo;ksu1;m28;int;YES;NULL
dbo;ksu1;m29;int;YES;NULL
dbo;ksu1;m30;int;YES;NULL
dbo;ksu1;m31;int;YES;NULL
dbo;ksu1;m32;int;YES;NULL
dbo;ksu1;m33;int;YES;NULL
dbo;ksu2;ksu_id;varchar;YES;255
dbo;ksu2;date_ksu;varchar;YES;255
dbo;ksu2;sourse;varchar;YES;255
dbo;ksu2;nazv;int;YES;NULL
dbo;ksu2;ekz;int;YES;NULL
dbo;ksu2;total;varchar;YES;255
dbo;ksu2;m7;int;YES;NULL
dbo;ksu2;m8;int;YES;NULL
dbo;ksu2;m9;int;YES;NULL
dbo;ksu2;m10;int;YES;NULL
dbo;ksu2;m11;int;YES;NULL
dbo;ksu2;m12;int;YES;NULL
dbo;ksu2;m13;int;YES;NULL
dbo;ksu2;m14;int;YES;NULL
dbo;ksu2;m15;int;YES;NULL
dbo;ksu2;m16;int;YES;NULL
dbo;ksu2;m17;int;YES;NULL
dbo;ksu2;m18;int;YES;NULL
dbo;ksu2;m19;int;YES;NULL
dbo;ksu2;m20;int;YES;NULL
dbo;ksu2;m21;int;YES;NULL
dbo;ksu2;m22;int;YES;NULL
dbo;ksu2;m23;int;YES;NULL
dbo;ksu2;m24;int;YES;NULL
dbo;ksu2;m25;int;YES;NULL
dbo;ksu2;m26;int;YES;NULL
dbo;ksu2;m27;int;YES;NULL
dbo;ksu2;m28;int;YES;NULL
dbo;ksu2;m29;int;YES;NULL
dbo;ksu2;m30;int;YES;NULL
dbo;ksu2;m31;int;YES;NULL
dbo;ksu2;m32;int;YES;NULL
dbo;ksu2;m33;int;YES;NULL
dbo;ksu3;ksu_id;varchar;YES;255
dbo;ksu3;date_ksu;varchar;YES;255
dbo;ksu3;sourse;varchar;YES;255
dbo;ksu3;nazv;int;YES;NULL
dbo;ksu3;ekz;int;YES;NULL
dbo;ksu3;total;varchar;YES;255
dbo;ksu3;m7;int;YES;NULL
dbo;ksu3;m8;int;YES;NULL
dbo;ksu3;m9;int;YES;NULL
dbo;ksu3;m10;int;YES;NULL
dbo;ksu3;m11;int;YES;NULL
dbo;ksu3;m12;int;YES;NULL
dbo;ksu3;m13;int;YES;NULL
dbo;ksu3;m14;int;YES;NULL
dbo;ksu3;m15;int;YES;NULL
dbo;ksu3;m16;int;YES;NULL
dbo;ksu3;m17;int;YES;NULL
dbo;ksu3;m18;int;YES;NULL
dbo;ksu3;m19;int;YES;NULL
dbo;ksu3;m20;int;YES;NULL
dbo;ksu3;m21;int;YES;NULL
dbo;ksu3;m22;int;YES;NULL
dbo;ksu3;m23;int;YES;NULL
dbo;ksu3;m24;int;YES;NULL
dbo;ksu3;m25;int;YES;NULL
dbo;ksu3;m26;int;YES;NULL
dbo;ksu3;m27;int;YES;NULL
dbo;ksu3;m28;int;YES;NULL
dbo;ksu3;m29;int;YES;NULL
dbo;ksu3;m30;int;YES;NULL
dbo;ksu3;m31;int;YES;NULL
dbo;ksu3;m32;int;YES;NULL
dbo;ksu3;m33;int;YES;NULL
dbo;LANG;ID;int;NO;NULL
dbo;LANG;NAME;varchar;YES;255
dbo;LANG;TAG;varchar;YES;4
dbo;LANG;VAL;varchar;YES;255
dbo;LATHAVKINA;CODE;varchar;YES;20
dbo;LATHAVKINA;A;varchar;YES;20
dbo;LATHAVKINA;B;varchar;YES;20
dbo;LATHAVKINA;C;varchar;YES;20
dbo;LATHAVKINA;D;varchar;YES;20
dbo;LATHAVKINA;E;varchar;YES;20
dbo;LATHAVKINA;F;varchar;YES;20
dbo;LATHAVKINA;G;varchar;YES;20
dbo;LATHAVKINA;H;varchar;YES;20
dbo;LATHAVKINA;I;varchar;YES;20
dbo;LATHAVKINA;J;varchar;YES;20
dbo;LATHAVKINA;K;varchar;YES;20
dbo;LATHAVKINA;L;varchar;YES;20
dbo;LATHAVKINA;M;varchar;YES;20
dbo;LATHAVKINA;N;varchar;YES;20
dbo;LATHAVKINA;O;varchar;YES;20
dbo;LATHAVKINA;P;varchar;YES;20
dbo;LATHAVKINA;Q;varchar;YES;20
dbo;LATHAVKINA;R;varchar;YES;20
dbo;LATHAVKINA;S;varchar;YES;20
dbo;LATHAVKINA;T;varchar;YES;20
dbo;LATHAVKINA;U;varchar;YES;20
dbo;LATHAVKINA;V;varchar;YES;20
dbo;LATHAVKINA;W;varchar;YES;20
dbo;LATHAVKINA;X;varchar;YES;20
dbo;LATHAVKINA;Y;varchar;YES;20
dbo;LATHAVKINA;Z;varchar;YES;20
dbo;LIBS;ID;int;NO;NULL
dbo;LIBS;NAME;varchar;YES;255
dbo;LIBS_BOOKPOINTS;ID;int;NO;NULL
dbo;LIBS_BOOKPOINTS;LIBS_ID;int;YES;NULL
dbo;LIBS_BOOKPOINTS;BOOKPOINTS_ID;int;YES;NULL
dbo;LIBS_EVENTS;ID;int;NO;NULL
dbo;LIBS_EVENTS;LIBS_ID;int;YES;NULL
dbo;LIBS_EVENTS;NAME;varchar;YES;255
dbo;LIBS_EVENTS;DATE_EVENTS;float;YES;NULL
dbo;LIBS_EVENTS;CNT;int;YES;NULL
dbo;LIBS_EVENTS;DISABLED;int;YES;NULL
dbo;LIBS_EVENTS;OUTDOOR;int;YES;NULL
dbo;LIBS_EVENTS;CNT14;int;YES;NULL
dbo;LIBS_EVENTS;CNT30;int;YES;NULL
dbo;LIBS_EVENTS;EMPLOY;varchar;YES;255
dbo;LIBS_EVENTS;NOTES;varchar;YES;255
dbo;LIBS_EVENTS;PLACE;varchar;YES;255
dbo;LIBS_EVENTS;CENZ;varchar;YES;255
dbo;LIBS_EXHIBITS;ID;int;NO;NULL
dbo;LIBS_EXHIBITS;LIBS_ID;int;YES;NULL
dbo;LIBS_EXHIBITS;NAME;varchar;YES;255
dbo;LIBS_EXHIBITS;DATE_START;float;YES;NULL
dbo;LIBS_EXHIBITS;DATE_FINISH;float;YES;NULL
dbo;LIBS_EXHIBITS;EMPLOY;varchar;YES;255
dbo;LIBS_EXHIBITS;NOTES;varchar;YES;255
dbo;LIBS_EXHIBITS_DOCS;ID;int;NO;NULL
dbo;LIBS_EXHIBITS_DOCS;LIBS_EXHIBITS_ID;int;YES;NULL
dbo;LIBS_EXHIBITS_DOCS;DOC_ID;int;YES;NULL
dbo;LIBS_PERSON;ID;int;NO;NULL
dbo;LIBS_PERSON;LIBS_ID;int;YES;NULL
dbo;LIBS_PERSON;NAME;varchar;YES;255
dbo;LIBS_PERSON;DISABLED;int;YES;NULL
dbo;LIBS_PERSON;MAIN_STAFF;int;YES;NULL
dbo;LIBS_PERSON;LEARN_DISABLED;int;YES;NULL
dbo;LIBS_PERSON;DEGREE;int;YES;NULL
dbo;LIBS_PERSON;BIBL_GEGREE;int;YES;NULL
dbo;LIBS_PERSON;DATE_WORK_START;float;YES;NULL
dbo;LIBS_PERSON;DATE_BIRTH;float;YES;NULL
dbo;LIBS_SIGLAS;ID;int;NO;NULL
dbo;LIBS_SIGLAS;LIBS_ID;int;YES;NULL
dbo;LIBS_SIGLAS;SIGLAS_ID;int;YES;NULL
dbo;MARCSTAT;STAT_ID;int;NO;NULL
dbo;MARCSTAT;USERNAME;varchar;YES;32
dbo;MARCSTAT;OPCODE;int;YES;NULL
dbo;MARCSTAT;DATESTAT;float;YES;NULL
dbo;MARCSTAT;STR1;varchar;YES;255
dbo;MARCSTAT;STR2;varchar;YES;255
dbo;MARCSTAT;STR3;varchar;YES;255
dbo;MARCSTAT;INT1;int;YES;NULL
dbo;MARCSTAT;INT2;int;YES;NULL
dbo;MARCSTAT;INT3;int;YES;NULL
dbo;MARCSTAT;INT4;int;YES;NULL
dbo;MARCSTAT;INT5;int;YES;NULL
dbo;MARCSTAT;INT6;int;YES;NULL
dbo;MARCSTAT;DATE1;float;YES;NULL
dbo;MARCSTAT;DATE2;float;YES;NULL
dbo;METAIDX;NAME;varchar;NO;32
dbo;METAIDX;TYPE;varchar;NO;32
dbo;METAIDX;MAXLEN;int;YES;NULL
dbo;METAIDX;TAGS;varchar;YES;255
dbo;METAIDX;CAPTION;varchar;YES;50
dbo;METAIDX;SEP;varchar;YES;64
dbo;MOBJECT;ID_MO;int;NO;NULL
dbo;MOBJECT;NAME;varchar;NO;255
dbo;MOBJECT;TYP;varchar;NO;64
dbo;MOBJECT;SIZ;int;YES;NULL
dbo;MOBJECT;CRDATE;float;YES;NULL
dbo;MOBJECT;ITEM;image;YES;2147483647
dbo;MOBJECT;TXT;text;YES;2147483647
dbo;MOBJECT;LINK;varchar;YES;255
dbo;MOBJECT;IDCMD;int;YES;NULL
dbo;MOBJECT;ACC;varchar;YES;200
dbo;MOBJECT;CODE;int;YES;NULL
dbo;MOIDX;ID_MOIDX;int;NO;NULL
dbo;MOIDX;TERM;varchar;NO;128
dbo;MOIDXX;ID_MO;int;NO;NULL
dbo;MOIDXX;IDMOIDX;int;NO;NULL
dbo;MOIDXX;POS;int;YES;NULL
dbo;MOIDXX;NUM;int;YES;NULL
dbo;MOIDXX;ENDED;varchar;YES;10
dbo;OLDDOC;STAT_ID;int;YES;NULL
dbo;OLDDOC;ITEM;text;YES;2147483647
dbo;OTRZN;ID;int;NO;NULL
dbo;OTRZN;NAME;varchar;YES;255
dbo;OTRZN;TAG;varchar;YES;4
dbo;OTRZN;VAL;varchar;YES;255
dbo;PER0_PERIOD;ID;int;NO;NULL
dbo;PER0_PERIOD;YEAR;int;YES;NULL
dbo;PER0_PERIOD;SPAN;int;YES;NULL
dbo;PER0_PERIOD;NAME;varchar;YES;16
dbo;PER1_ADDRESS;ID;int;NO;NULL
dbo;PER1_ADDRESS;ADDRESS;varchar;YES;255
dbo;PER1_CATALOG;ID;int;NO;NULL
dbo;PER1_CATALOG;NAME;varchar;YES;255
dbo;PER1_CATALOG;IDX;varchar;YES;32
dbo;PER1_CATALOG;COST;float;YES;NULL
dbo;PER1_CATALOG;PERIODICITY;int;YES;NULL
dbo;PER1_CATALOG;EDITIONTYPE;int;YES;NULL
dbo;PER1_CATALOG;IDS;int;YES;NULL
dbo;PER1_CATALOG;NOTES;varchar;YES;255
dbo;PER1_CATALOG;SECTOR;varchar;YES;255
dbo;PER1_CATALOG;PLIFE;int;YES;NULL
dbo;PER1_CATALOG;CUSTOM1;varchar;YES;128
dbo;PER1_CATALOG;CUSTOM2;varchar;YES;128
dbo;PER1_CATALOG;CUSTOM3;varchar;YES;128
dbo;PER1_CATALOG;CUSTOM4;varchar;YES;128
dbo;PER1_CATALOG;CUSTOM5;varchar;YES;128
dbo;PER1_CATALOG;CUSTOM6;varchar;YES;128
dbo;PER1_CATALOG;CUSTOM7;varchar;YES;128
dbo;PER1_CATALOG;CUSTOM8;varchar;YES;128
dbo;PER1_CATALOG;CUSTOM9;varchar;YES;128
dbo;PER1_CATALOG;CUSTOM10;varchar;YES;128
dbo;PER1_CATALOG;CUSTOM11;varchar;YES;128
dbo;PER1_CATALOG;CUSTOM12;varchar;YES;128
dbo;PER1_CATALOG;CUSTOM13;varchar;YES;128
dbo;PER1_CATALOG;CUSTOM14;varchar;YES;128
dbo;PER1_CATALOG;CUSTOM15;varchar;YES;128
dbo;PER1_CATALOG;CUSTOM16;varchar;YES;128
dbo;PER1_CATALOG;CUSTOM17;varchar;YES;128
dbo;PER1_CATALOG;CUSTOM18;varchar;YES;128
dbo;PER1_CATALOG;CUSTOM19;varchar;YES;128
dbo;PER1_CATALOG;CUSTOM20;varchar;YES;128
dbo;PER1_CUSTOMER;ID;int;NO;NULL
dbo;PER1_CUSTOMER;IDA;int;YES;NULL
dbo;PER1_CUSTOMER;DEPARTMENT;varchar;YES;255
dbo;PER1_CUSTOMER;CUSTOMER;varchar;YES;255
dbo;PER1_CUSTOMER;IDORD;int;YES;NULL
dbo;PER1_CUSTOMER;WATCH;int;YES;NULL
dbo;PER1_CUSTOMER;CUSTOM1;varchar;YES;200
dbo;PER1_CUSTOMER;CUSTOM2;varchar;YES;200
dbo;PER1_CUSTOMER;CUSTOM3;varchar;YES;200
dbo;PER1_ISSUE;ID;int;NO;NULL
dbo;PER1_ISSUE;ISSNUM;varchar;YES;20
dbo;PER1_ISSUE;IDP;int;YES;NULL
dbo;PER1_ISSUE;ISSDATE;float;YES;NULL
dbo;PER1_ISSUE;DOC_ID;int;YES;NULL
dbo;PER1_ISSUE;NOTES;varchar;YES;200
dbo;PER1_ISSUE;CUSTOM1;varchar;YES;200
dbo;PER1_ISSUE;CUSTOM2;varchar;YES;200
dbo;PER1_ISSUE2;ID;int;NO;NULL
dbo;PER1_ISSUE2;IDI;int;YES;NULL
dbo;PER1_ISSUE2;IDPO;int;YES;NULL
dbo;PER1_ISSUE2;CNT;int;YES;NULL
dbo;PER1_ORDER;ID;int;NO;NULL
dbo;PER1_ORDER;IDP;int;YES;NULL
dbo;PER1_ORDER;CNT;int;YES;NULL
dbo;PER1_ORDER;IDC;int;YES;NULL
dbo;PER1_STRUCT;ID;int;NO;NULL
dbo;PER1_STRUCT;NAME;varchar;YES;30
dbo;PER1_STRUCT;COLWIDTH;int;YES;NULL
dbo;PER1_SUPPLIER;ID;int;NO;NULL
dbo;PER1_SUPPLIER;NAME;varchar;YES;255
dbo;PER1_SUPPLIER;EMAIL;varchar;YES;255
dbo;POINTSIGLA;IDPS;int;NO;NULL
dbo;POINTSIGLA;IDP;int;NO;NULL
dbo;POINTSIGLA;IDS;int;NO;NULL
dbo;PREORDERS;IDPO;int;NO;NULL
dbo;PREORDERS;RDR_ID;varchar;YES;128
dbo;PREORDERS;DOC_ID;int;YES;NULL
dbo;PREORDERS;IDP;int;YES;NULL
dbo;PREORDERS;PREORDDATE;float;YES;NULL
dbo;PUBLISHER;ID;int;NO;NULL
dbo;PUBLISHER;NAME;varchar;NO;255
dbo;r8;column1;nvarchar;NO;50
dbo;r8;column2;nvarchar;NO;50
dbo;r8;column3;nvarchar;NO;-1
dbo;r8;column4;nvarchar;YES;50
dbo;r8;column5;nvarchar;NO;50
dbo;r8;column6;nvarchar;NO;50
dbo;r8;column7;nvarchar;NO;50
dbo;r8;column8;nvarchar;NO;50
dbo;r8;column9;nvarchar;NO;50
dbo;r8;column10;nvarchar;NO;50
dbo;r8;column11;nvarchar;NO;50
dbo;r8;column12;nvarchar;NO;50
dbo;r8;column13;nvarchar;NO;50
dbo;r8;column14;nvarchar;NO;50
dbo;r8;column15;float;NO;NULL
dbo;r8;column16;nvarchar;NO;50
dbo;r8;column17;nvarchar;NO;50
dbo;r8;column18;nvarchar;NO;50
dbo;r8;column19;nvarchar;NO;50
dbo;r8;column20;nvarchar;NO;50
dbo;r8;column21;nvarchar;NO;50
dbo;r8;column22;nvarchar;NO;50
dbo;r8;column23;nvarchar;NO;50
dbo;r8;column24;nvarchar;NO;50
dbo;r8;column25;nvarchar;NO;50
dbo;r8;column26;nvarchar;NO;50
dbo;r8;column27;nvarchar;NO;50
dbo;r8;column28;nvarchar;NO;50
dbo;r8;column29;nvarchar;NO;50
dbo;r8;column30;nvarchar;NO;50
dbo;RDRBP;IDRBP;int;NO;NULL
dbo;RDRBP;RDR_ID;varchar;YES;128
dbo;RDRBP;IDP;int;NO;NULL
dbo;RDRPHOTO;RDR_ID;varchar;YES;128
dbo;RDRPHOTO;PHOTO;image;YES;2147483647
dbo;RDRPHOTO;EXT;varchar;YES;16
dbo;READERS;RDR_ID;varchar;NO;128
dbo;READERS;CODE;varchar;YES;128
dbo;READERS;NAME;nvarchar;YES;255
dbo;READERS;BIRTHDAY;float;YES;NULL
dbo;READERS;PASSPORT;varchar;YES;255
dbo;READERS;ADDRESS;varchar;YES;255
dbo;READERS;EMAIL;varchar;YES;128
dbo;READERS;HOMEPHONE;varchar;YES;128
dbo;READERS;WORKPHONE;varchar;YES;128
dbo;READERS;PAGER;varchar;YES;255
dbo;READERS;EMPLOYMENT;varchar;YES;255
dbo;READERS;COURSE;varchar;YES;255
dbo;READERS;PROFESSION;varchar;YES;255
dbo;READERS;POST;varchar;YES;255
dbo;READERS;REGDATE;float;YES;NULL
dbo;READERS;REREGDATE;float;YES;NULL
dbo;READERS;NOTES;text;YES;2147483647
dbo;READERS;SEX;char;YES;1
dbo;READERS;BOOKPOINTS;varchar;YES;255
dbo;READERS;CUSTOM1;varchar;YES;128
dbo;READERS;CUSTOM2;varchar;YES;128
dbo;READERS;CUSTOM3;varchar;YES;128
dbo;READERS;CUSTOM4;varchar;YES;128
dbo;READERS;CUSTOM5;varchar;YES;16
dbo;READERS;CUSTOM6;varchar;YES;16
dbo;READERS;CUSTOM7;varchar;YES;16
dbo;READERS;CUSTOM8;varchar;YES;16
dbo;READERS;CUSTOM9;varchar;YES;16
dbo;READERS;PINCODE;varchar;YES;32
dbo;READERS;ACC;varchar;YES;200
dbo;REFS;ID;int;NO;NULL
dbo;REFS;IDR;int;YES;NULL
dbo;REFS;TERM;varchar;YES;255
dbo;REPLACEDOC;ID;int;NO;NULL
dbo;REPLACEDOC;REGDATEZAP;float;YES;NULL
dbo;REPLACEDOC;REGDATEACT;float;YES;NULL
dbo;REPLACEDOC;NUMRDR;varchar;YES;255
dbo;REPLACEDOC;NAMERDR;varchar;YES;255
dbo;REPLACEDOC;NUMINV_U;varchar;YES;255
dbo;REPLACEDOC;BIBLIO;varchar;YES;255
dbo;REPLACEDOC;PRICE;varchar;YES;255
dbo;REPLACEDOC;OTDEL;varchar;YES;255
dbo;REPLACEDOC;NEWNUMINV_U;varchar;YES;255
dbo;REPLACEDOC;NEWBIBLIO;varchar;YES;255
dbo;REPLACEDOC;NEWPRICE;varchar;YES;255
dbo;REPLACEDOC;NEWOTDEL;varchar;YES;255
dbo;REPLACEDOC;NUMAKT;varchar;YES;255
dbo;REPLACEDOC;CAPTION;varchar;YES;255
dbo;SERVICE_TYPE;ID;int;NO;NULL
dbo;SERVICE_TYPE;NAME;varchar;YES;255
dbo;SERVICE_TYPE;FOR_PART_3;int;YES;NULL
dbo;SERVICES;ID;int;NO;NULL
dbo;SERVICES;DATE_SERV;float;YES;NULL
dbo;SERVICES;BOOKPOINTS_ID;int;YES;NULL
dbo;SERVICES;RDR_NAME;varchar;YES;255
dbo;SERVICES;RDR_ID;varchar;YES;255
dbo;SERVICES;SERVICE_TYPE_ID;int;YES;NULL
dbo;SERVICES;SERVICE_FORM;int;YES;NULL
dbo;SERVICES;AGE_ID;int;YES;NULL
dbo;SERVICES;CNT;int;YES;NULL
dbo;SERVICES;PRICE;int;YES;NULL
dbo;SIGLAS;ID;int;NO;NULL
dbo;SIGLAS;SHORTNAME;varchar;YES;255
dbo;SIGLAS;STORAGE;int;YES;NULL
dbo;SIGLAS;ACCLEVEL;int;YES;NULL
dbo;SPPER;IDPP;int;YES;NULL
dbo;SPPER;IDP;int;YES;NULL
dbo;SPPER;PRICE;float;YES;NULL
dbo;SPPER;WROFFACT;varchar;YES;255
dbo;SPPER;K1;int;YES;NULL
dbo;SPPER;K2;int;YES;NULL
dbo;SPR_THEMES;ID;int;NO;NULL
dbo;SPR_THEMES;NAME;varchar;YES;255
dbo;STAFF;ID;int;NO;NULL
dbo;STAFF;LOGIN;varchar;NO;32
dbo;STAFF;PASSWORD;varchar;YES;32
dbo;STAFF;GRP;int;YES;NULL
dbo;STAFF;ACC;int;YES;NULL
dbo;STAFF;ACC2;int;YES;NULL
dbo;STAFF;PHASE;int;YES;NULL
dbo;STAFF;ROLE;varchar;YES;255
dbo;STATES;IDST;int;NO;NULL
dbo;STATES;STNAME;varchar;YES;255
dbo;STRUCT;OBJECT_ID;int;NO;NULL
dbo;STRUCT;PARENT_ID;int;YES;NULL
dbo;STRUCT;LAYER;varchar;YES;55
dbo;STRUCT;NAME;varchar;YES;255
dbo;STRUCT;SUBRDN;varchar;YES;255
dbo;STRUCT;BRANCH;varchar;YES;255
dbo;STRUCT;REGION;varchar;YES;255
dbo;STRUCT;PSTIDX;varchar;YES;55
dbo;STRUCT;CITY;varchar;YES;255
dbo;STRUCT;ADRP;varchar;YES;255
dbo;STRUCT;PHCODE;varchar;YES;55
dbo;STRUCT;PHONE;varchar;YES;55
dbo;STRUCT;FAX;varchar;YES;55
dbo;STRUCT;EMAIL;varchar;YES;255
dbo;STRUCT;WWW;varchar;YES;255
dbo;STRUCT;CYPHER;int;YES;NULL
dbo;STRUCT;EDUCFORM;int;YES;NULL
dbo;STRUCT;COURSE;int;YES;NULL
dbo;STRUCT;SEMSTR;int;YES;NULL
dbo;STRUCT;QUANTITY;int;YES;NULL
dbo;STRUCT;TYPEGRP;int;YES;NULL
dbo;STRUCT;CHIEF;varchar;YES;255
dbo;STRUCT;CUSTOM1;varchar;YES;255
dbo;STRUCT;CUSTOM2;varchar;YES;255
dbo;STRUCT;CUSTOM3;varchar;YES;255
dbo;STRUCT;CUSTOM4;varchar;YES;255
dbo;STRUCT;CUSTOM5;varchar;YES;255
dbo;STRUCT;NUMCST1;int;YES;NULL
dbo;STRUCT;NUMCST2;int;YES;NULL
dbo;STRUCT;NUMCST3;int;YES;NULL
dbo;STRUCT;NUMCST4;int;YES;NULL
dbo;STRUCT;NUMCST5;int;YES;NULL
dbo;STRUCT;DATEENTRY;float;YES;NULL
dbo;sysdiagrams;name;nvarchar;NO;128
dbo;sysdiagrams;principal_id;int;NO;NULL
dbo;sysdiagrams;diagram_id;int;NO;NULL
dbo;sysdiagrams;version;int;YES;NULL
dbo;sysdiagrams;definition;varbinary;YES;-1
dbo;T008A;ID;int;NO;NULL
dbo;T008A;OFFSET;int;YES;NULL
dbo;T008A;LEN;int;YES;NULL
dbo;T008A;NAME;varchar;YES;255
dbo;T008A;DTYPE;int;YES;NULL
dbo;T008A;DVALUE;int;YES;NULL
dbo;T008A;FILLER;char;YES;1
dbo;T008A;HELP;text;YES;2147483647
dbo;T008H;ID;int;NO;NULL
dbo;T008H;IDA;int;YES;NULL
dbo;T008H;VAL;varchar;YES;255
dbo;T008H;NAME;varchar;YES;255
dbo;T008X;ID;int;NO;NULL
dbo;T008X;IDA;int;YES;NULL
dbo;T008X;MTYPE;int;YES;NULL
dbo;T6NK_1;ID;int;NO;NULL
dbo;T6NK_1;LIBS_ID;int;YES;NULL
dbo;T6NK_1;YEA;int;YES;NULL
dbo;T6NK_1;T2;int;YES;NULL
dbo;T6NK_1;T3;int;YES;NULL
dbo;T6NK_1;T4;int;YES;NULL
dbo;T6NK_1;T5;int;YES;NULL
dbo;T6NK_1;T6;int;YES;NULL
dbo;T6NK_1;T7;int;YES;NULL
dbo;T6NK_1;T8;int;YES;NULL
dbo;T6NK_1;T9;int;YES;NULL
dbo;T6NK_1;T10;int;YES;NULL
dbo;T6NK_1;T11;int;YES;NULL
dbo;T6NK_1;T12;int;YES;NULL
dbo;T6NK_1;T13;int;YES;NULL
dbo;T6NK_1;T14;int;YES;NULL
dbo;T6NK_1;T15;int;YES;NULL
dbo;T6NK_1;T16;int;YES;NULL
dbo;T6NK_1;T17;int;YES;NULL
dbo;T6NK_1;T18;int;YES;NULL
dbo;T6NK_1;T19;int;YES;NULL
dbo;T6NK_1;T20;int;YES;NULL
dbo;T6NK_1;T21;int;YES;NULL
dbo;T6NK_1;T22;int;YES;NULL
dbo;T6NK_1;T23;int;YES;NULL
dbo;T6NK_1;T24;int;YES;NULL
dbo;T6NK_1;T25;int;YES;NULL
dbo;T6NK_1;T26;int;YES;NULL
dbo;T6NK_1;T27;int;YES;NULL
dbo;T6NK_2;ID;int;NO;NULL
dbo;T6NK_2;LIBS_ID;int;YES;NULL
dbo;T6NK_2;YEA;int;YES;NULL
dbo;T6NK_2;ROW_NUM;int;YES;NULL
dbo;T6NK_2;T3;int;YES;NULL
dbo;T6NK_2;T4;int;YES;NULL
dbo;T6NK_2;T5;int;YES;NULL
dbo;T6NK_2;T6;int;YES;NULL
dbo;T6NK_2;T7;int;YES;NULL
dbo;T6NK_2;T8;int;YES;NULL
dbo;T6NK_2;T9;int;YES;NULL
dbo;T6NK_2;T10;int;YES;NULL
dbo;T6NK_2;T11;int;YES;NULL
dbo;T6NK_3;ID;int;NO;NULL
dbo;T6NK_3;LIBS_ID;int;YES;NULL
dbo;T6NK_3;YEA;int;YES;NULL
dbo;T6NK_3;ROW_NUM;int;YES;NULL
dbo;T6NK_3;T3;int;YES;NULL
dbo;T6NK_3;T4;int;YES;NULL
dbo;T6NK_3;T5;int;YES;NULL
dbo;T6NK_3;T6;int;YES;NULL
dbo;T6NK_3;T7;int;YES;NULL
dbo;T6NK_3;T8;int;YES;NULL
dbo;T6NK_3;T9;int;YES;NULL
dbo;T6NK_3;T10;int;YES;NULL
dbo;T6NK_4;ID;int;NO;NULL
dbo;T6NK_4;LIBS_ID;int;YES;NULL
dbo;T6NK_4;YEA;int;YES;NULL
dbo;T6NK_4;T2;int;YES;NULL
dbo;T6NK_4;T3;int;YES;NULL
dbo;T6NK_4;T4;int;YES;NULL
dbo;T6NK_4;T5;int;YES;NULL
dbo;T6NK_4;T6;int;YES;NULL
dbo;T6NK_4;T7;int;YES;NULL
dbo;T6NK_4;T8;int;YES;NULL
dbo;T6NK_4;T9;int;YES;NULL
dbo;T6NK_4;T10;int;YES;NULL
dbo;T6NK_4;T11;int;YES;NULL
dbo;T6NK_4;T12;int;YES;NULL
dbo;T6NK_4;T13;int;YES;NULL
dbo;T6NK_4;T14;int;YES;NULL
dbo;T6NK_5;ID;int;NO;NULL
dbo;T6NK_5;LIBS_ID;int;YES;NULL
dbo;T6NK_5;YEA;int;YES;NULL
dbo;T6NK_5;ROW_NUM;int;YES;NULL
dbo;T6NK_5;T3;int;YES;NULL
dbo;T6NK_5;T4;int;YES;NULL
dbo;T6NK_5;T5;int;YES;NULL
dbo;T6NK_5;T6;int;YES;NULL
dbo;T6NK_5;T7;int;YES;NULL
dbo;T6NK_5;T8;int;YES;NULL
dbo;T6NK_5;T9;int;YES;NULL
dbo;T6NK_5;T10;int;YES;NULL
dbo;T6NK_5;T11;int;YES;NULL
dbo;T6NK_5;T12;int;YES;NULL
dbo;T6NK_5;T13;int;YES;NULL
dbo;T6NK_5;T14;int;YES;NULL
dbo;T6NK_5;T15;int;YES;NULL
dbo;T6NK_6;ID;int;NO;NULL
dbo;T6NK_6;LIBS_ID;int;YES;NULL
dbo;T6NK_6;YEA;int;YES;NULL
dbo;T6NK_6;T2;int;YES;NULL
dbo;T6NK_6;T3;int;YES;NULL
dbo;T6NK_6;T4;int;YES;NULL
dbo;T6NK_6;T5;int;YES;NULL
dbo;T6NK_6;T6;int;YES;NULL
dbo;T6NK_6;T7;int;YES;NULL
dbo;T6NK_6;T8;int;YES;NULL
dbo;T6NK_6;T9;int;YES;NULL
dbo;T6NK_6;T10;int;YES;NULL
dbo;T6NK_6;T11;int;YES;NULL
dbo;T6NK_6;T12;int;YES;NULL
dbo;T6NK_6;T13;int;YES;NULL
dbo;T6NK_6;T14;int;YES;NULL
dbo;T6NK_6;T15;int;YES;NULL
dbo;T6NK_6;T16;int;YES;NULL
dbo;T6NK_7;ID;int;NO;NULL
dbo;T6NK_7;LIBS_ID;int;YES;NULL
dbo;T6NK_7;YEA;int;YES;NULL
dbo;T6NK_7;T2;int;YES;NULL
dbo;T6NK_7;T3;int;YES;NULL
dbo;T6NK_7;T4;int;YES;NULL
dbo;T6NK_7;T5;int;YES;NULL
dbo;T6NK_7;T6;int;YES;NULL
dbo;T6NK_7;T7;int;YES;NULL
dbo;T6NK_7;T8;int;YES;NULL
dbo;T6NK_7;T9;int;YES;NULL
dbo;T6NK_7;T10;int;YES;NULL
dbo;T6NK_7;T11;int;YES;NULL
dbo;T6NK_7;T12;int;YES;NULL
dbo;T6NK_7;T13;int;YES;NULL
dbo;T6NK_7;T14;int;YES;NULL
dbo;T6NK_7;T15;int;YES;NULL
dbo;T6NK_7;T16;int;YES;NULL
dbo;T6NK_7;T17;int;YES;NULL
dbo;T6NK_7;T18;int;YES;NULL
dbo;T6NK_7;T19;int;YES;NULL
dbo;T6NK_7;T20;int;YES;NULL
dbo;T6NK_7;T21;int;YES;NULL
dbo;T6NK_7;T22;int;YES;NULL
dbo;T6NK_7;T23;int;YES;NULL
dbo;T6NK_7;T24;int;YES;NULL
dbo;T6NK_7;T25;int;YES;NULL
dbo;T6NK_7;T26;int;YES;NULL
dbo;T6NK_7;T27;int;YES;NULL
dbo;T6NK_7;T28;int;YES;NULL
dbo;T6NK_7;T29;int;YES;NULL
dbo;T6NK_7;T30;int;YES;NULL
dbo;T6NK_7;T31;int;YES;NULL
dbo;TAG;TAG;char;NO;4
dbo;TAG;ESSENTIAL;int;YES;NULL
dbo;TAG;REPEATABL;int;YES;NULL
dbo;TAG;CAPTION;varchar;YES;255
dbo;TIMETABLE;OBJECT_ID;int;YES;NULL
dbo;TIMETABLE;PERIOD;int;YES;NULL
dbo;TIMETABLE;DISCP_ID;int;YES;NULL
dbo;TIMETABLE;TEACHER;varchar;YES;250
dbo;TIMETABLE;ROOM;varchar;YES;250
dbo;TIMETABLE;DAY;int;YES;NULL
dbo;TIMETABLE;DATEENTRY;float;YES;NULL
dbo;TRANSFER1;ID;int;NO;NULL
dbo;TRANSFER1;AKTNUM;varchar;YES;255
dbo;TRANSFER1;SDATE;float;YES;NULL
dbo;TRANSFER1;SIGLAS_ID_1;int;YES;NULL
dbo;TRANSFER1;SIGLAS_ID_2;int;YES;NULL
dbo;TRANSFER2;ID;int;NO;NULL
dbo;TRANSFER2;TRANSFER1_ID;int;YES;NULL
dbo;TRANSFER2;INV_ID;int;YES;NULL
dbo;TY_POST;ID;int;NO;NULL
dbo;TY_POST;NAME;varchar;YES;255
dbo;TYPE_LIT;SHOT_NAME;varchar;YES;255
dbo;TYPE_LIT;FULL_NAME;varchar;YES;255
dbo;TYPEIZD;ID;int;NO;NULL
dbo;TYPEIZD;NAME;varchar;YES;255
dbo;TYPEIZD;TAG;varchar;YES;4
dbo;TYPEIZD;VAL;varchar;YES;255
dbo;TYPEWWW;ID;int;NO;NULL
dbo;TYPEWWW;NAME;varchar;YES;255
dbo;VFILE;NAME;varchar;YES;255
dbo;VFILE;FOLDER;varchar;YES;32
dbo;VFILE;ROLE;varchar;YES;32
dbo;VFILE;BODY;text;YES;2147483647
dbo;WEBHISTORY;STAT_ID;int;YES;NULL
dbo;WEBHISTORY;ITEM;text;YES;2147483647
dbo;WWWACTIV;ID;int;NO;NULL
dbo;WWWACTIV;DATE_SERV;float;YES;NULL
dbo;WWWACTIV;LIBS_ID;int;YES;NULL
dbo;WWWACTIV;TYPEWWW_ID;int;YES;NULL
dbo;WWWACTIV;NAME;varchar;YES;255
dbo;WWWACTIV;LINK;varchar;YES;255
